{"isNamespaced":false,"textureGroups":[{"scaleFactor":1,"atlases":[{"file":"atlas0.png","textures":[{"symbol":"rect_flipbook_28","origin":[-40.1,-20.8],"rect":[1,1,143,143]},{"symbol":"rect_flipbook_29","origin":[-41.55,-21.55],"rect":[1,146,143,143]},{"symbol":"rect_flipbook_27","origin":[-38.65,-20.05],"rect":[1,291,142,142]},{"symbol":"rect_flipbook_26","origin":[-37.2,-19.25],"rect":[1,435,141,141]},{"symbol":"rect_flipbook_25","origin":[-35.75,-18.5],"rect":[1,578,140,140]},{"symbol":"rect_flipbook_24","origin":[-34.3,-17.75],"rect":[1,720,139,139]},{"symbol":"rect_flipbook_23","origin":[-32.85,-17],"rect":[1,861,138,138]},{"symbol":"rect_flipbook_22","origin":[-31.4,-16.25],"rect":[141,861,137,137]},{"symbol":"rect_flipbook_21","origin":[-29.95,-15.45],"rect":[142,720,136,136]},{"symbol":"rect_flipbook_20","origin":[-28.5,-14.7],"rect":[143,578,135,135]},{"symbol":"rect_flipbook_19","origin":[-27.05,-13.95],"rect":[144,435,135,135]},{"symbol":"rect_flipbook_18","origin":[-25.6,-13.2],"rect":[145,291,134,134]},{"symbol":"rect_flipbook_17","origin":[-24.15,-12.45],"rect":[146,1,133,133]},{"symbol":"rect_flipbook_16","origin":[-22.7,-11.65],"rect":[146,136,132,132]},{"symbol":"rect_flipbook_15","origin":[-21.25,-10.9],"rect":[280,136,131,131]},{"symbol":"rect_flipbook_14","origin":[-19.8,-10.15],"rect":[281,1,130,130]},{"symbol":"rect_flipbook_13","origin":[-18.35,-9.4],"rect":[280,572,129,129]},{"symbol":"rect_flipbook_12","origin":[-16.9,-8.65],"rect":[281,269,128,128]},{"symbol":"rect_flipbook_11","origin":[-15.45,-7.85],"rect":[281,399,127,127]},{"symbol":"rect_flipbook_9","origin":[-12.55,-6.35],"rect":[410,399,126,126]},{"symbol":"rect_flipbook_10","origin":[-14,-7.1],"rect":[411,269,126,126]},{"symbol":"rect_flipbook_8","origin":[-11.1,-5.6],"rect":[413,1,125,125]},{"symbol":"rect_flipbook_7","origin":[-9.65,-4.85],"rect":[413,128,124,124]},{"symbol":"rect_flipbook_6","origin":[-8.2,-4.05],"rect":[280,703,123,123]},{"symbol":"rect_flipbook_5","origin":[-6.75,-3.3],"rect":[280,828,122,122]},{"symbol":"rect_flipbook_4","origin":[-5.3,-2.55],"rect":[404,828,121,121]},{"symbol":"rect_flipbook_3","origin":[-3.85,-1.8],"rect":[405,703,120,120]},{"symbol":"rect_flipbook_2","origin":[-2.4,-1],"rect":[411,527,119,119]},{"symbol":"rect_flipbook_1","origin":[-0.95,-0.25],"rect":[527,648,118,118]},{"symbol":"rect_flipbook_0","origin":[0.5,0.5],"rect":[532,527,117,117]}]}]}],"md5":"89896e945960a5f4671b68f5785f248d","movies":[{"layers":[{"flipbook":true,"keyframes":[{"tweened":false,"ref":"rect_flipbook_0","duration":1,"index":0,"pivot":[0.5,0.5]},{"tweened":false,"ref":"rect_flipbook_1","duration":1,"index":1,"pivot":[-0.95,-0.25]},{"tweened":false,"ref":"rect_flipbook_2","duration":1,"index":2,"pivot":[-2.4,-1]},{"tweened":false,"ref":"rect_flipbook_3","duration":1,"index":3,"pivot":[-3.85,-1.8]},{"tweened":false,"ref":"rect_flipbook_4","duration":1,"index":4,"pivot":[-5.3,-2.55]},{"tweened":false,"ref":"rect_flipbook_5","duration":1,"index":5,"pivot":[-6.75,-3.3]},{"tweened":false,"ref":"rect_flipbook_6","duration":1,"index":6,"pivot":[-8.2,-4.05]},{"tweened":false,"ref":"rect_flipbook_7","duration":1,"index":7,"pivot":[-9.65,-4.85]},{"tweened":false,"ref":"rect_flipbook_8","duration":1,"index":8,"pivot":[-11.1,-5.6]},{"duration":1,"tweened":false,"ref":"rect_flipbook_9","label":"label_1","index":9,"pivot":[-12.55,-6.35]},{"tweened":false,"ref":"rect_flipbook_10","duration":1,"index":10,"pivot":[-14,-7.1]},{"tweened":false,"ref":"rect_flipbook_11","duration":1,"index":11,"pivot":[-15.45,-7.85]},{"tweened":false,"ref":"rect_flipbook_12","duration":1,"index":12,"pivot":[-16.9,-8.65]},{"tweened":false,"ref":"rect_flipbook_13","duration":1,"index":13,"pivot":[-18.35,-9.4]},{"tweened":false,"ref":"rect_flipbook_14","duration":1,"index":14,"pivot":[-19.8,-10.15]},{"tweened":false,"ref":"rect_flipbook_15","duration":1,"index":15,"pivot":[-21.25,-10.9]},{"tweened":false,"ref":"rect_flipbook_16","duration":1,"index":16,"pivot":[-22.7,-11.65]},{"tweened":false,"ref":"rect_flipbook_17","duration":1,"index":17,"pivot":[-24.15,-12.45]},{"tweened":false,"ref":"rect_flipbook_18","duration":1,"index":18,"pivot":[-25.6,-13.2]},{"duration":1,"tweened":false,"ref":"rect_flipbook_19","label":"label_2","index":19,"pivot":[-27.05,-13.95]},{"tweened":false,"ref":"rect_flipbook_20","duration":1,"index":20,"pivot":[-28.5,-14.7]},{"tweened":false,"ref":"rect_flipbook_21","duration":1,"index":21,"pivot":[-29.95,-15.45]},{"tweened":false,"ref":"rect_flipbook_22","duration":1,"index":22,"pivot":[-31.4,-16.25]},{"tweened":false,"ref":"rect_flipbook_23","duration":1,"index":23,"pivot":[-32.85,-17]},{"tweened":false,"ref":"rect_flipbook_24","duration":1,"index":24,"pivot":[-34.3,-17.75]},{"tweened":false,"ref":"rect_flipbook_25","duration":1,"index":25,"pivot":[-35.75,-18.5]},{"tweened":false,"ref":"rect_flipbook_26","duration":1,"index":26,"pivot":[-37.2,-19.25]},{"tweened":false,"ref":"rect_flipbook_27","duration":1,"index":27,"pivot":[-38.65,-20.05]},{"tweened":false,"ref":"rect_flipbook_28","duration":1,"index":28,"pivot":[-40.1,-20.8]},{"tweened":false,"ref":"rect_flipbook_29","duration":1,"index":29,"pivot":[-41.55,-21.55]}],"name":"flipbook"}],"id":"rect"}],"frameRate":30}